date,label,greeting,active
2026-02-16,Presidents' Day week,Enjoy Presidents' Day week,TRUE
2026-02-17,Presidents' Day week,Enjoy Presidents' Day week,TRUE
2026-02-18,Presidents' Day week,Enjoy Presidents' Day week,TRUE
2026-02-19,Presidents' Day week,Enjoy Presidents' Day week,TRUE
2026-02-20,Presidents' Day week,Enjoy Presidents' Day week,TRUE
2026-04-03,Good Friday,Good Friday,TRUE
2026-04-20,Patriots' Day week,Enjoy Patriots' Day week,TRUE
2026-04-21,Patriots' Day week,Enjoy Patriots' Day week,TRUE
2026-04-22,Patriots' Day week,Enjoy Patriots' Day week,TRUE
2026-04-23,Patriots' Day week,Enjoy Patriots' Day week,TRUE
2026-04-24,Patriots' Day week,Enjoy Patriots' Day week,TRUE
2026-05-25,Memorial Day,Remembering Memorial Day,TRUE
2026-06-19,Juneteenth,Happy Juneteenth,TRUE
2026-09-07,Labor Day,Happy Labor Day,TRUE
2026-09-21,Yom Kippur,Have an easy fast,TRUE
2026-10-12,Indigenous People's Day,Indigenous People's Day,TRUE
2026-11-11,Veterans Day,Honoring Veterans Day,TRUE
2026-11-26,Thanksgiving,Happy Thanksgiving,TRUE
2026-11-27,Day after Thanksgiving,Happy Thanksgiving weekend,TRUE
2026-12-24,Christmas Eve,Merry Christmas Eve,TRUE
2026-12-25,Christmas,Merry Christmas,TRUE
2026-12-26,Winter break,Enjoy winter break,TRUE
2026-12-27,Winter break,Enjoy winter break,TRUE
2026-12-28,Winter break,Enjoy winter break,TRUE
2026-12-29,Winter break,Enjoy winter break,TRUE
2026-12-30,Winter break,Enjoy winter break,TRUE
2026-12-31,Winter break,Enjoy winter break,TRUE
2027-01-01,New Year's Day,Happy New Year,TRUE
2027-02-15,Presidents' Day week,Enjoy Presidents' Day week,TRUE
2027-02-16,Presidents' Day week,Enjoy Presidents' Day week,TRUE
2027-02-17,Presidents' Day week,Enjoy Presidents' Day week,TRUE
2027-02-18,Presidents' Day week,Enjoy Presidents' Day week,TRUE
2027-02-19,Presidents' Day week,Enjoy Presidents' Day week,TRUE
2027-03-26,Good Friday,Good Friday,TRUE
2027-04-19,Patriots' Day week,Enjoy Patriots' Day week,TRUE
2027-04-20,Patriots' Day week,Enjoy Patriots' Day week,TRUE
2027-04-21,Patriots' Day week,Enjoy Patriots' Day week,TRUE
2027-04-22,Patriots' Day week,Enjoy Patriots' Day week,TRUE
2027-04-23,Patriots' Day week,Enjoy Patriots' Day week,TRUE
2027-05-31,Memorial Day,Remembering Memorial Day,TRUE
2027-06-19,Juneteenth,Happy Juneteenth,TRUE
2027-09-06,Labor Day,Happy Labor Day,TRUE
2027-10-11,Indigenous People's Day / Yom Kippur,Indigenous People's Day - Have an easy fast,TRUE
2027-11-11,Veterans Day,Honoring Veterans Day,TRUE
2027-11-25,Thanksgiving,Happy Thanksgiving,TRUE
2027-11-26,Day after Thanksgiving,Happy Thanksgiving weekend,TRUE
2027-12-24,Christmas Eve,Merry Christmas Eve,TRUE
2027-12-25,Christmas,Merry Christmas,TRUE
2027-12-26,Winter break,Enjoy winter break,TRUE
2027-12-27,Winter break,Enjoy winter break,TRUE
2027-12-28,Winter break,Enjoy winter break,TRUE
2027-12-29,Winter break,Enjoy winter break,TRUE
2027-12-30,Winter break,Enjoy winter break,TRUE
2027-12-31,Winter break,Enjoy winter break,TRUE
2028-01-01,New Year's Day,Happy New Year,TRUE
2028-02-21,Presidents' Day week,Enjoy Presidents' Day week,TRUE
2028-02-22,Presidents' Day week,Enjoy Presidents' Day week,TRUE
2028-02-23,Presidents' Day week,Enjoy Presidents' Day week,TRUE
2028-02-24,Presidents' Day week,Enjoy Presidents' Day week,TRUE
2028-02-25,Presidents' Day week,Enjoy Presidents' Day week,TRUE
2028-04-14,Good Friday,Good Friday,TRUE
2028-04-17,Patriots' Day week,Enjoy Patriots' Day week,TRUE
2028-04-18,Patriots' Day week,Enjoy Patriots' Day week,TRUE
2028-04-19,Patriots' Day week,Enjoy Patriots' Day week,TRUE
2028-04-20,Patriots' Day week,Enjoy Patriots' Day week,TRUE
2028-04-21,Patriots' Day week,Enjoy Patriots' Day week,TRUE
2028-05-29,Memorial Day,Remembering Memorial Day,TRUE
2028-06-19,Juneteenth,Happy Juneteenth,TRUE
2028-09-04,Labor Day,Happy Labor Day,TRUE
2028-09-30,Yom Kippur,Have an easy fast,TRUE
2028-10-09,Indigenous People's Day,Indigenous People's Day,TRUE
2028-11-11,Veterans Day,Honoring Veterans Day,TRUE
2028-11-23,Thanksgiving,Happy Thanksgiving,TRUE
2028-11-24,Day after Thanksgiving,Happy Thanksgiving weekend,TRUE
2028-12-24,Christmas Eve,Merry Christmas Eve,TRUE
2028-12-25,Christmas,Merry Christmas,TRUE
2028-12-26,Winter break,Enjoy winter break,TRUE
2028-12-27,Winter break,Enjoy winter break,TRUE
2028-12-28,Winter break,Enjoy winter break,TRUE
2028-12-29,Winter break,Enjoy winter break,TRUE
2028-12-30,Winter break,Enjoy winter break,TRUE
2028-12-31,Winter break,Enjoy winter break,TRUE
2029-01-01,New Year's Day,Happy New Year,TRUE
2029-02-19,Presidents' Day week,Enjoy Presidents' Day week,TRUE
2029-02-20,Presidents' Day week,Enjoy Presidents' Day week,TRUE
2029-02-21,Presidents' Day week,Enjoy Presidents' Day week,TRUE
2029-02-22,Presidents' Day week,Enjoy Presidents' Day week,TRUE
2029-02-23,Presidents' Day week,Enjoy Presidents' Day week,TRUE
2029-03-30,Good Friday,Good Friday,TRUE
2029-04-16,Patriots' Day week,Enjoy Patriots' Day week,TRUE
2029-04-17,Patriots' Day week,Enjoy Patriots' Day week,TRUE
2029-04-18,Patriots' Day week,Enjoy Patriots' Day week,TRUE
2029-04-19,Patriots' Day week,Enjoy Patriots' Day week,TRUE
2029-04-20,Patriots' Day week,Enjoy Patriots' Day week,TRUE
2029-05-28,Memorial Day,Remembering Memorial Day,TRUE
2029-06-19,Juneteenth,Happy Juneteenth,TRUE
2029-09-03,Labor Day,Happy Labor Day,TRUE
2029-09-19,Yom Kippur,Have an easy fast,TRUE
2029-10-08,Indigenous People's Day,Indigenous People's Day,TRUE
2029-11-11,Veterans Day,Honoring Veterans Day,TRUE
2029-11-22,Thanksgiving,Happy Thanksgiving,TRUE
2029-11-23,Day after Thanksgiving,Happy Thanksgiving weekend,TRUE
2029-12-24,Christmas Eve,Merry Christmas Eve,TRUE
2029-12-25,Christmas,Merry Christmas,TRUE
2029-12-26,Winter break,Enjoy winter break,TRUE
2029-12-27,Winter break,Enjoy winter break,TRUE
2029-12-28,Winter break,Enjoy winter break,TRUE
2029-12-29,Winter break,Enjoy winter break,TRUE
2029-12-30,Winter break,Enjoy winter break,TRUE
2029-12-31,Winter break,Enjoy winter break,TRUE
2030-01-01,New Year's Day,Happy New Year,TRUE
2030-02-18,Presidents' Day week,Enjoy Presidents' Day week,TRUE
2030-02-19,Presidents' Day week,Enjoy Presidents' Day week,TRUE
2030-02-20,Presidents' Day week,Enjoy Presidents' Day week,TRUE
2030-02-21,Presidents' Day week,Enjoy Presidents' Day week,TRUE
2030-02-22,Presidents' Day week,Enjoy Presidents' Day week,TRUE
2030-04-15,Patriots' Day week,Enjoy Patriots' Day week,TRUE
2030-04-16,Patriots' Day week,Enjoy Patriots' Day week,TRUE
2030-04-17,Patriots' Day week,Enjoy Patriots' Day week,TRUE
2030-04-18,Patriots' Day week,Enjoy Patriots' Day week,TRUE
2030-04-19,Good Friday / Patriots' Day week,Good Friday,TRUE
2030-05-27,Memorial Day,Remembering Memorial Day,TRUE
2030-06-19,Juneteenth,Happy Juneteenth,TRUE
2030-09-02,Labor Day,Happy Labor Day,TRUE
2030-10-07,Yom Kippur,Have an easy fast,TRUE
2030-10-14,Indigenous People's Day,Indigenous People's Day,TRUE
2030-11-11,Veterans Day,Honoring Veterans Day,TRUE
2030-11-28,Thanksgiving,Happy Thanksgiving,TRUE
2030-11-29,Day after Thanksgiving,Happy Thanksgiving weekend,TRUE
2030-12-24,Christmas Eve,Merry Christmas Eve,TRUE
2030-12-25,Christmas,Merry Christmas,TRUE
2030-12-26,Winter break,Enjoy winter break,TRUE
2030-12-27,Winter break,Enjoy winter break,TRUE
2030-12-28,Winter break,Enjoy winter break,TRUE
2030-12-29,Winter break,Enjoy winter break,TRUE
2030-12-30,Winter break,Enjoy winter break,TRUE
2030-12-31,Winter break,Enjoy winter break,TRUE
2031-01-01,New Year's Day,Happy New Year,TRUE
2031-02-17,Presidents' Day week,Enjoy Presidents' Day week,TRUE
2031-02-18,Presidents' Day week,Enjoy Presidents' Day week,TRUE
2031-02-19,Presidents' Day week,Enjoy Presidents' Day week,TRUE
2031-02-20,Presidents' Day week,Enjoy Presidents' Day week,TRUE
2031-02-21,Presidents' Day week,Enjoy Presidents' Day week,TRUE
2031-04-11,Good Friday,Good Friday,TRUE
2031-04-21,Patriots' Day week,Enjoy Patriots' Day week,TRUE
2031-04-22,Patriots' Day week,Enjoy Patriots' Day week,TRUE
2031-04-23,Patriots' Day week,Enjoy Patriots' Day week,TRUE
2031-04-24,Patriots' Day week,Enjoy Patriots' Day week,TRUE
2031-04-25,Patriots' Day week,Enjoy Patriots' Day week,TRUE
2031-05-26,Memorial Day,Remembering Memorial Day,TRUE
2031-06-19,Juneteenth,Happy Juneteenth,TRUE
2031-09-01,Labor Day,Happy Labor Day,TRUE
2031-09-27,Yom Kippur,Have an easy fast,TRUE
2031-10-13,Indigenous People's Day,Indigenous People's Day,TRUE
2031-11-11,Veterans Day,Honoring Veterans Day,TRUE
2031-11-27,Thanksgiving,Happy Thanksgiving,TRUE
2031-11-28,Day after Thanksgiving,Happy Thanksgiving weekend,TRUE
2031-12-24,Christmas Eve,Merry Christmas Eve,TRUE
2031-12-25,Christmas,Merry Christmas,TRUE
2031-12-26,Winter break,Enjoy winter break,TRUE
2031-12-27,Winter break,Enjoy winter break,TRUE
2031-12-28,Winter break,Enjoy winter break,TRUE
2031-12-29,Winter break,Enjoy winter break,TRUE
2031-12-30,Winter break,Enjoy winter break,TRUE
2031-12-31,Winter break,Enjoy winter break,TRUE
2032-01-01,New Year's Day,Happy New Year,TRUE
